Metric,Value
Training R²,0.9800937331582688
Validation R²,0.984023351432261
Test R²,0.98656306137844
Training MSE,0.020226941849687766
Validation MSE,0.01535476630480428
Test MSE,0.010196127477013556
Training RMSE,0.14222145354934243
Validation RMSE,0.12391435068144561
Test RMSE,0.10097587571798304
