Metric,Value
Training R²,0.9779173000597504
Validation R²,0.9715014427272243
Test R²,0.9790284005924239
Training MSE,0.023351773069713363
Validation MSE,0.020676438215005255
Test MSE,0.015913528146464195
Training RMSE,0.15281286945055828
Validation RMSE,0.14379303952210362
Test RMSE,0.12614883331392404
