Metric,Value
Training R²,0.9820694615365109
Validation R²,0.9757156448878427
Test R²,0.9852295427035708
Training MSE,0.018960990565016603
Validation MSE,0.017618925872694258
Test MSE,0.01120801915746886
Training RMSE,0.13769891272271034
Validation RMSE,0.1327363020152899
Test RMSE,0.1058679326211146
