Metric,Value
Training R²,0.9828948902954375
Validation R²,0.9692435029890755
Test R²,0.9833526050839426
Training MSE,0.019001435185775167
Validation MSE,0.01715378154847424
Test MSE,0.010704266047345817
Training RMSE,0.13784569338856825
Validation RMSE,0.13097244576045086
Test RMSE,0.10346142299111209
